<?xml version="1.0" encoding="UTF-8" standalone="yes"?>
<factura id="comprobante" version="1.1.0">
    <infoTributaria>
        <ambiente>1</ambiente>
        <tipoEmision>1</tipoEmision>
        <razonSocial>José Luis Granda</razonSocial>
        <nombreComercial>JLGRANDA.COM</nombreComercial>
        <ruc>1103826960001</ruc>
        <claveAcceso>2103201301000000000000110015010000000101234567811</claveAcceso>
        <codDoc>01</codDoc>
        <estab>001</estab>
        <ptoEmi>501</ptoEmi>
        <secuencial>000000010</secuencial>
        <dirMatriz>AMAZONAS</dirMatriz>
    </infoTributaria>
    <infoFactura>
        <fechaEmision>21/03/2013</fechaEmision>
        <dirEstablecimiento>AZTECAS 13-149 y EUGENIO ESPEJO</dirEstablecimiento>
        <contribuyenteEspecial>12345</contribuyenteEspecial>
        <obligadoContabilidad>NO</obligadoContabilidad>
        <tipoIdentificacionComprador>04</tipoIdentificacionComprador>
        <razonSocialComprador>RITA MACAS</razonSocialComprador>
        <identificacionComprador>1760013210001</identificacionComprador>
        <totalSinImpuestos>0.00</totalSinImpuestos>
        <totalDescuento>0.00</totalDescuento>
        <totalConImpuestos>
            <totalImpuesto>
                <codigo>2</codigo>
                <codigoPorcentaje>6</codigoPorcentaje>
				<descuentoAdicional>0</descuentoAdicional>
                <baseImponible>0.00</baseImponible>
                <valor>0.00</valor>
            </totalImpuesto>
            <totalImpuesto>
                <codigo>3</codigo>
                <codigoPorcentaje>3011</codigoPorcentaje>
                <baseImponible>0.00</baseImponible>
                <valor>0.00</valor>
            </totalImpuesto>
        </totalConImpuestos>
        <propina>0.00</propina>
        <importeTotal>0.00</importeTotal>
        <moneda>DOLAR</moneda>
    </infoFactura>
    <detalles>
        <detalle>
            <codigoPrincipal>011</codigoPrincipal>
            <descripcion>PRUEBA</descripcion>
            <cantidad>0.000000</cantidad>
            <precioUnitario>0.000000</precioUnitario>
            <descuento>0</descuento>
            <precioTotalSinImpuesto>0.00</precioTotalSinImpuesto>
            <impuestos>
                <impuesto>
                    <codigo>2</codigo>
                    <codigoPorcentaje>6</codigoPorcentaje>
                    <tarifa>0.00</tarifa>
                    <baseImponible>0.00</baseImponible>
                    <valor>0.00</valor>
                </impuesto>
                <impuesto>
                    <codigo>3</codigo>
                    <codigoPorcentaje>3011</codigoPorcentaje>
                    <tarifa>0.00</tarifa>
                    <baseImponible>0.00</baseImponible>
                    <valor>0.00</valor>
                </impuesto>
            </impuestos>
        </detalle>
    </detalles>
	<retenciones>
        <retencion>
	    <codigo>4</codigo>
	    <codigoPorcentaje>327</codigoPorcentaje>
	    <tarifa>0.00</tarifa>	    
	    <valor>0.00</valor>
        </retencion>
        <retencion>
	    <codigo>4</codigo>
	    <codigoPorcentaje>328</codigoPorcentaje>
	    <tarifa>0.00</tarifa>	    
	    <valor>0.00</valor>
        </retencion>
		 <retencion>
	    <codigo>4</codigo>
	    <codigoPorcentaje>3</codigoPorcentaje>
	    <tarifa>1</tarifa>	    
	    <valor>0.00</valor>
        </retencion>
    </retenciones>
    <infoAdicional>
        <campoAdicional nombre="Dirección">xyz</campoAdicional>
        <campoAdicional nombre="Email">sri@gob.ec</campoAdicional>
    </infoAdicional>
</factura>
